customer_id,first_name,last_name,email,signup_date
1,Timothy,Grimes,bmitchell@example.net,2021-09-03
2,Maria,Ruiz,lopezkim@example.net,2022-04-06
3,Tammy,Bean,jacob25@example.org,2019-03-12
4,Curtis,Arroyo,juan20@example.com,2022-04-27
5,Russell,Allen,jorgeweaver@example.com,2020-02-17
6,Sabrina,Hall,vasquezkim@example.net,2016-01-01
7,Meredith,Carter,richardrebecca@example.org,2016-08-06
8,Nathaniel,Williams,alexanderking@example.com,2021-02-03
9,Shelby,Martinez,angelajackson@example.org,2023-01-12
10,Raymond,Berg,kjohnson@example.net,2019-06-23
11,Veronica,Johnson,gtrujillo@example.org,2021-02-01
12,Maria,Cortez,carpenterpeter@example.org,2024-04-07
13,Michael,Martin,monica21@example.org,2021-08-29
14,Joseph,Howell,stephanienelson@example.net,2024-11-02
15,Matthew,Mayer,regina57@example.org,2017-02-18
16,Alejandra,Hernandez,karen00@example.com,2024-06-11
17,Jeffrey,Alexander,heatherblake@example.com,2017-04-13
18,Richard,Lawrence,fwallace@example.net,2023-09-03
19,Rebekah,Rivera,bmoore@example.org,2017-05-14
20,Margaret,Smith,gregory05@example.net,2020-09-20
21,Alexis,Garrison,bsanders@example.org,2022-03-23
22,Matthew,Pearson,tskinner@example.com,2018-06-03
23,Ryan,Smith,christopher77@example.com,2024-09-19
24,Elizabeth,Robinson,harold76@example.org,2021-03-21
25,Suzanne,Miller,sgarcia@example.org,2019-04-15
26,Troy,Wilson,fcollier@example.net,2018-11-22
27,Sara,Smith,lucasfox@example.com,2021-10-24
28,Kevin,Marshall,mwhitney@example.com,2020-06-19
29,Justin,Ramirez,kevinfranklin@example.org,2023-07-02
30,Edward,Young,rebecca32@example.org,2016-07-20
31,Nancy,Vazquez,lisa43@example.org,2019-10-08
32,Kathryn,Wells,cynthiahoward@example.com,2022-11-10
33,Megan,Chambers,fmiller@example.net,2019-03-24
34,Joanne,Garner,gina56@example.com,2017-12-06
35,Nicholas,Mason,reyescrystal@example.com,2020-12-25
36,Mark,Payne,robinflores@example.com,2017-05-29
37,Abigail,Cooper,traciebraun@example.com,2016-10-14
38,Caroline,Banks,normanchapman@example.com,2023-05-03
39,Jack,Reilly,jason02@example.com,2022-02-01
40,Joshua,Powers,sharon24@example.net,2021-10-31
41,Kenneth,Foster,ericathompson@example.com,2023-04-21
42,Patrick,Black,karen20@example.org,2016-08-02
43,Jesus,Chung,christina98@example.net,2022-05-23
44,Paul,Berry,steven63@example.org,2018-07-11
45,Andrea,Vasquez,baileydavid@example.com,2019-12-18
46,Daniel,Perez,lisa32@example.net,2018-01-22
47,Jonathan,Taylor,smithsandra@example.com,2023-02-16
48,Matthew,Aguirre,kelly25@example.org,2016-07-03
49,Roy,Robinson,sjenkins@example.com,2021-12-19
50,Alan,Harrington,smithrobert@example.org,2022-02-21
51,Christopher,Pollard,sweeneyjesse@example.com,2022-06-28
52,Michelle,Lee,andrew45@example.com,2020-12-10
53,Jason,Mann,zsolomon@example.org,2020-07-01
54,Tara,Kelly,margaretrobertson@example.org,2016-12-18
55,David,Navarro,xwalker@example.net,2018-10-09
56,Michelle,Johnson,lisa42@example.net,2019-04-19
57,Doris,Waters,kristy40@example.org,2016-01-23
58,Laura,Smith,lancesuarez@example.com,2021-04-12
59,Michael,Patterson,jacksoncurtis@example.net,2023-11-04
60,Gregory,Smith,toddrichardson@example.org,2016-05-12
61,Bradley,Everett,rebecca10@example.net,2022-02-25
62,James,Burns,matthewkennedy@example.net,2016-09-03
63,David,Daniels,samantha51@example.com,2022-09-16
64,Matthew,Bennett,rburke@example.com,2024-08-24
65,Kevin,Pruitt,wardjohn@example.net,2021-02-16
66,Trevor,Perry,amybarnes@example.net,2024-07-16
67,Donna,Kirby,seannolan@example.net,2024-09-24
68,Bernard,Johnson,bedwards@example.org,2023-07-13
69,Robert,Stein,amandasnyder@example.net,2020-06-04
70,Deborah,Brown,johnsonrobert@example.org,2020-03-29
71,April,Miller,stravis@example.com,2016-04-05
72,Philip,Smith,krista60@example.com,2024-06-18
73,Jared,Morrison,bsanders@example.net,2022-12-28
74,Manuel,Lynch,ftaylor@example.com,2022-12-14
75,Christina,Hamilton,manuelmendez@example.net,2020-03-19
76,Leslie,Carlson,angelafox@example.net,2024-02-05
77,Christine,Brooks,payneedward@example.com,2023-07-02
78,Wendy,Mercado,shannon94@example.org,2022-02-13
79,Brenda,Meyer,vhill@example.net,2021-04-23
80,Brenda,Lewis,hmanning@example.org,2023-03-07
81,Joshua,Howard,chanchloe@example.net,2021-03-16
82,Monica,Clark,bperry@example.net,2015-12-10
83,Kevin,Murray,hensonlisa@example.com,2019-11-04
84,Cathy,Mills,pvasquez@example.com,2018-12-21
85,Victoria,Howard,scottwanda@example.net,2019-09-11
86,Heather,Carson,davisernest@example.org,2023-12-21
87,Russell,Harper,eyoung@example.org,2016-01-15
88,Daniel,Mcdowell,johnstonsandra@example.com,2016-12-22
89,Jesse,Harrison,ismith@example.org,2015-12-08
90,Leon,Gomez,kristine27@example.net,2022-02-06
91,Michael,Rose,belliott@example.org,2021-12-30
92,James,Livingston,kaylee58@example.net,2022-01-17
93,Amber,Avery,anthony96@example.org,2023-07-11
94,Robert,Vasquez,bmay@example.com,2022-07-24
95,Kenneth,Parsons,cruzelizabeth@example.com,2021-12-19
96,Stephen,Lopez,jacobsontravis@example.com,2016-03-25
97,Russell,Martinez,cruzkristen@example.com,2019-05-10
98,John,Smith,brentbennett@example.net,2017-04-23
99,Tyler,Hernandez,kristinbush@example.com,2016-10-18
100,Anthony,Brown,tammyho@example.net,2024-08-08
101,Dominic,Richardson,joseph79@example.org,2021-08-15
102,Joseph,Ramsey,simsjames@example.net,2016-09-07
103,Darryl,Hayes,patricia82@example.net,2023-02-18
104,Michelle,Smith,mscott@example.org,2023-04-02
105,Erica,Salazar,lorettagreen@example.org,2023-07-10
106,Leah,Bell,taylorcorey@example.com,2017-12-08
107,Mary,Flores,tonya62@example.org,2021-07-05
108,Samantha,Jackson,kristinmacdonald@example.org,2020-04-30
109,Crystal,Harvey,loribailey@example.org,2024-09-09
110,Tina,Anderson,christopher79@example.com,2018-05-22
111,Sandra,Johnson,danielle51@example.com,2019-07-27
112,James,Adkins,michael67@example.org,2024-01-22
113,Alexis,Harris,qphelps@example.net,2022-09-21
114,Jacqueline,Sullivan,fsmith@example.org,2022-02-05
115,Jordan,Riley,moorematthew@example.com,2018-12-21
116,Kaylee,Torres,corymiller@example.net,2019-03-22
117,Emily,Nguyen,stephenhanna@example.net,2023-05-10
118,Lynn,Hernandez,bwoods@example.com,2016-05-09
119,Richard,Dunn,mariareed@example.org,2023-07-30
120,Cameron,Lamb,courtneysims@example.org,2016-04-11
121,Nicole,Jordan,sara42@example.net,2024-06-15
122,Erik,Bell,laurenbenson@example.com,2019-05-12
123,Cynthia,Moore,shaunnelson@example.com,2023-12-26
124,Louis,Kirk,hollandnicholas@example.com,2017-06-30
125,Monica,Singh,bennettcarrie@example.net,2024-03-21
126,John,Robertson,huynhjimmy@example.org,2016-10-12
127,Edward,Alvarez,linda66@example.com,2018-05-16
128,Raymond,Moore,timothythomas@example.net,2021-08-08
129,Timothy,Potter,davidsanchez@example.net,2019-09-12
130,Rhonda,Hopkins,jacobtrevino@example.net,2017-12-11
131,Katelyn,Mejia,jeremyblake@example.com,2020-06-11
132,Brandon,Nguyen,justinbaird@example.com,2017-07-04
133,Abigail,Anderson,warrenkenneth@example.org,2019-05-28
134,Mary,Townsend,heather58@example.org,2024-01-21
135,Deborah,Jimenez,randerson@example.net,2023-07-18
136,Heather,Robinson,tracymorris@example.org,2018-05-28
137,Nicholas,Johnson,crawforddebra@example.org,2022-11-26
138,Rachel,Castillo,joel05@example.com,2018-06-21
139,Jeremy,Mata,xwalker@example.org,2022-08-03
140,Julian,Miller,greenmichael@example.net,2020-08-27
141,Lisa,Hall,christianvelez@example.net,2024-10-24
142,Zachary,Anderson,newtondavid@example.org,2017-08-11
143,John,Murillo,bensonmarissa@example.net,2017-09-23
144,Phillip,Sandoval,ppierce@example.com,2019-08-20
145,David,Chambers,cynthia57@example.org,2024-02-19
146,Dennis,Campbell,jacobrodriguez@example.net,2020-11-03
147,Christine,Sanchez,fryesandra@example.com,2016-02-04
148,Veronica,Cole,rlester@example.com,2016-07-30
149,Brandy,Young,thomasdyer@example.org,2023-12-30
150,Valerie,Phillips,janice49@example.net,2019-04-04
151,Marc,Collins,davisjoshua@example.org,2018-06-17
152,Jordan,Moore,thomasritter@example.org,2022-06-29
153,Tiffany,Barker,paulkayla@example.org,2018-03-07
154,Alex,Wilson,markbradford@example.net,2022-12-09
155,Donald,Hansen,dianaramirez@example.org,2019-02-16
156,Mitchell,Martinez,twilliamson@example.net,2021-06-26
157,Michelle,Zamora,ygeorge@example.net,2024-07-19
158,Mikayla,Wilson,amanda70@example.com,2020-07-21
159,Jessica,Walsh,rwatkins@example.org,2018-10-12
160,Allison,Mendoza,lcrawford@example.net,2019-08-04
161,David,Stewart,kkelly@example.net,2020-12-15
162,Lori,Marks,darrylroman@example.net,2023-04-29
163,Jorge,Dennis,nhenry@example.com,2021-03-17
164,Debra,Jackson,gregoryromero@example.com,2017-07-25
165,Frank,Robertson,melissa23@example.org,2016-10-19
166,Bethany,White,robertroberts@example.org,2024-04-29
167,Timothy,Ramirez,fhill@example.com,2021-09-29
168,Evan,Holt,martinezgloria@example.org,2020-02-27
169,Laura,Adams,ereed@example.net,2016-08-26
170,Theresa,Richmond,jacksondaisy@example.com,2017-07-06
171,Roger,Wilcox,sherilawrence@example.net,2023-08-30
172,Michael,Watson,sara16@example.org,2021-04-30
173,Lisa,Kelly,james85@example.net,2018-06-14
174,Lee,Montoya,reevesmichelle@example.org,2021-09-13
175,Daniel,Riggs,dhampton@example.org,2019-02-01
176,Jasmine,Oliver,frankhawkins@example.org,2020-03-09
177,Amanda,Dixon,ortegapaula@example.org,2018-03-06
178,Melvin,Reyes,vaughanlogan@example.net,2020-11-22
179,Todd,Vargas,emily11@example.org,2023-04-16
180,Brittany,Ingram,kathypruitt@example.org,2017-09-15
181,Megan,Allen,hgentry@example.net,2023-12-01
182,Alyssa,Cole,sarahbowers@example.net,2024-02-11
183,Donna,Thomas,patrick69@example.net,2017-06-09
184,Cristina,Duarte,biancastewart@example.org,2017-11-04
185,Samuel,Stevenson,morrisalexis@example.net,2020-04-10
186,Anthony,Brewer,david41@example.net,2023-10-07
187,Elizabeth,Skinner,xjones@example.org,2019-04-28
188,Jonathan,Chavez,mcgrathmichele@example.net,2017-08-30
189,Nicholas,Johnson,owright@example.com,2017-09-02
190,Anthony,Wagner,garciajeffrey@example.com,2018-02-07
191,Richard,Harmon,davidsalazar@example.com,2016-11-26
192,Linda,Sandoval,cookanna@example.net,2020-10-30
193,Angel,Cooper,thomasvaughn@example.org,2017-06-21
194,Steven,Miller,christopher14@example.com,2017-08-24
195,Kathy,Bass,austinmason@example.org,2017-12-18
196,Troy,Chung,rodriguezjoseph@example.com,2022-03-25
197,Ariel,Stanton,joseph24@example.org,2023-05-31
198,Joshua,Johnson,youngsamantha@example.org,2022-03-05
199,John,Miller,qgriffin@example.net,2019-02-28
200,Felicia,Cooper,kathrynwatkins@example.net,2021-07-21
201,Vanessa,Thomas,christopher34@example.net,2023-07-27
202,Sandra,Williams,gregg08@example.com,2022-07-18
203,Joshua,Park,aaronbarnes@example.net,2017-09-23
204,Benjamin,Perkins,mcruz@example.com,2017-01-30
205,Scott,Conway,rbanks@example.net,2021-11-05
206,Duane,Blake,laura32@example.com,2020-07-11
207,Shannon,Nguyen,hoffmanjeremy@example.com,2020-11-19
208,Donald,Garcia,jonesdale@example.net,2024-07-18
209,Jennifer,Mccormick,jorgemccann@example.net,2018-04-23
210,Robert,Rodriguez,michaelsmith@example.org,2021-04-13
211,Justin,Guerrero,lreed@example.org,2018-12-01
212,Clinton,Ortiz,zmcintosh@example.com,2020-08-01
213,Alexis,Bailey,robertjohnson@example.net,2016-10-30
214,Martin,Schultz,michelle23@example.org,2022-05-14
215,Bruce,Kirby,alfredriddle@example.com,2024-03-05
216,Sarah,Griffin,cgraham@example.org,2024-11-01
217,Jose,Bullock,gomezmarvin@example.com,2023-03-22
218,Joshua,Baldwin,shawalicia@example.org,2024-09-12
219,Kayla,Hull,willie74@example.com,2023-01-22
220,Brian,Perez,lnewman@example.org,2017-01-21
221,Nicole,Shaffer,mcdonaldchristopher@example.net,2022-03-06
222,Darren,Young,gabriel93@example.com,2024-09-03
223,Vickie,Hayes,coreyduncan@example.net,2018-06-13
224,Tyler,Johnson,vanessa49@example.net,2022-01-31
225,Tracy,Velez,tracygreen@example.net,2017-08-21
226,Ashley,Vega,yvonnescott@example.com,2017-10-09
227,Nicole,Mcdaniel,zwalter@example.com,2020-12-05
228,Sherry,Jones,candice45@example.com,2016-06-06
229,Rachael,Robinson,kelly22@example.net,2021-12-28
230,Joanna,Perry,tinamorgan@example.org,2023-12-16
231,Carolyn,Adams,reidjacob@example.net,2019-08-21
232,Jason,Gill,sandersrobert@example.net,2019-12-13
233,Randall,Castillo,brucekirby@example.com,2018-10-10
234,Robert,Hart,baileymarcus@example.net,2016-01-09
235,Bradley,Gamble,mgutierrez@example.org,2022-01-23
236,Beth,White,hramirez@example.net,2019-01-22
237,Mark,Chandler,vanessa03@example.org,2024-11-28
238,Kim,Fleming,garysantana@example.com,2020-01-10
239,Corey,Pitts,smithjason@example.org,2022-10-08
240,Ashley,Hart,paul76@example.net,2024-01-02
241,Dana,Mcmahon,williamjohnson@example.com,2021-10-14
242,Amanda,Stanley,michelle48@example.com,2022-12-14
243,Christopher,Mcguire,kurt48@example.com,2021-12-28
244,James,Perkins,nataliecox@example.net,2019-11-23
245,Francisco,West,meganhanson@example.net,2021-02-22
246,Kristen,Reed,xwebster@example.net,2017-05-06
247,Danny,Wong,edwardgoodman@example.net,2021-04-28
248,Mckenzie,Rich,johnsonaudrey@example.com,2021-03-29
249,Margaret,Lewis,sandrarogers@example.org,2022-06-30
250,Raymond,Morris,angelreynolds@example.com,2021-01-10
251,William,Bennett,kbell@example.org,2024-01-21
252,Alexander,Young,christopher48@example.net,2020-11-12
253,Melissa,Brown,ericray@example.org,2021-09-20
254,Emily,Harrell,brookewilson@example.net,2021-07-25
255,Bonnie,Malone,troy03@example.org,2017-04-07
256,Xavier,Newton,amy07@example.com,2017-11-25
257,Vanessa,Walker,dawnmoore@example.org,2018-01-27
258,Crystal,Lucas,thomassexton@example.com,2018-09-21
259,Kelli,Mccoy,sheliamcdonald@example.com,2016-03-19
260,Michael,Dyer,ewells@example.com,2023-05-12
261,Brian,Robinson,wilsonjerry@example.net,2018-06-07
262,Melissa,Murphy,ashleybutler@example.org,2016-11-27
263,Lisa,Bowman,phillipssusan@example.com,2018-11-04
264,Steven,Garcia,christine25@example.org,2020-07-13
265,Kristen,Horn,gregory31@example.org,2022-07-14
266,Caitlin,Dickson,hbrown@example.org,2021-04-13
267,Robert,Rogers,jenniferrichardson@example.com,2016-03-01
268,Kathleen,Daniels,bcarr@example.net,2017-06-08
269,Colleen,Lewis,mooreamanda@example.org,2021-10-25
270,John,Lewis,deanfrederick@example.org,2021-04-03
271,Melissa,Buck,paulreyes@example.net,2023-10-23
272,Jason,Boyer,stevenalexander@example.com,2016-08-19
273,Daniel,Lee,ronald24@example.org,2020-08-22
274,Christina,Dean,khale@example.com,2023-07-07
275,Justin,Ward,michaelwood@example.org,2019-09-23
276,Robert,Williams,kevinnguyen@example.org,2021-07-14
277,Jason,Lopez,gregory89@example.org,2024-10-03
278,Nicholas,Johnson,bkey@example.com,2021-07-02
279,Michael,Ware,hfletcher@example.com,2019-07-13
280,Joshua,Morton,qgomez@example.com,2018-02-12
281,Charles,Henderson,gonzalezbrittany@example.net,2024-06-20
282,Mark,King,lori96@example.com,2016-12-17
283,Mary,Carr,david52@example.com,2023-01-10
284,Charles,Ferguson,amontgomery@example.net,2022-03-25
285,Jenna,Nelson,littleamber@example.org,2020-09-09
286,Debbie,Gutierrez,dmiles@example.net,2016-05-08
287,Jimmy,Collins,matthewlawson@example.org,2019-10-01
288,Christine,Cowan,morgansullivan@example.net,2021-12-05
289,Jeffrey,Becker,rebecca67@example.net,2016-09-22
290,Katelyn,Willis,monica68@example.org,2017-11-15
291,James,Baird,christopherthomas@example.com,2021-07-07
292,Colin,Mcdonald,diana33@example.org,2022-10-08
293,Cynthia,Powell,mortonthomas@example.com,2023-09-18
294,Christopher,Briggs,thomasjohn@example.org,2018-03-01
295,Lawrence,Miller,jrobertson@example.org,2024-11-23
296,Matthew,Mclaughlin,helenrusso@example.org,2017-12-25
297,Donna,Flores,kevinhernandez@example.net,2019-03-16
298,Amanda,Bauer,zwilliams@example.org,2023-08-31
299,George,Moss,brianfrancis@example.org,2019-03-05
300,Meredith,Clark,vfranco@example.net,2024-09-12
301,Dawn,Phelps,villarrealmelissa@example.com,2020-02-09
302,Sara,Hernandez,uingram@example.com,2020-11-11
303,Andrew,Campbell,curtis50@example.org,2018-11-11
304,Tina,Carpenter,christinamccoy@example.org,2019-07-15
305,Maria,Duke,paige64@example.org,2016-01-07
306,David,Riley,conniehunter@example.org,2015-12-07
307,Stacy,Roberts,ijones@example.com,2021-10-27
308,Mallory,Lynch,lisa75@example.net,2017-09-25
309,Brooke,Mcmillan,barbaraflores@example.com,2016-03-06
310,Thomas,Fernandez,etodd@example.org,2016-09-23
311,Terry,Thompson,jeffrey98@example.net,2017-04-09
312,Brent,Johnson,marksjeanette@example.net,2022-10-16
313,Lynn,Morgan,jasonstewart@example.net,2023-12-06
314,Charles,Torres,rbowman@example.net,2023-06-18
315,Olivia,Reed,ronald66@example.org,2019-01-11
316,Tristan,Chen,mccannallen@example.com,2020-12-02
317,Mary,Floyd,lwhite@example.org,2023-04-27
318,Donald,Hernandez,nathaniel87@example.com,2019-12-19
319,Adam,Benson,opeterson@example.org,2017-03-16
320,Daniel,Pearson,youngsean@example.com,2024-06-12
321,Steven,Ford,patellauren@example.com,2022-12-07
322,Tony,Pena,amanda26@example.org,2019-11-26
323,Erika,Taylor,phillip06@example.com,2023-06-22
324,Brenda,Adams,caseymadison@example.net,2020-12-03
325,Andrew,Martinez,helendavidson@example.com,2024-04-09
326,Vicki,Smith,valentineronald@example.org,2023-05-05
327,Jacqueline,Smith,mitchellmelanie@example.org,2017-08-03
328,John,Mueller,jennifer89@example.org,2018-04-09
329,Victoria,Martin,michaelscott@example.com,2017-06-24
330,Carrie,Jenkins,robertoconnor@example.com,2020-01-02
331,Michelle,Potter,wendyleonard@example.org,2017-05-09
332,Vincent,Wyatt,shawnjohnson@example.com,2018-10-29
333,Keith,Harrington,longstephanie@example.net,2017-07-22
334,Rita,Bradley,jimmy22@example.net,2020-08-07
335,Patrick,Mitchell,qdelgado@example.com,2024-01-14
336,Jennifer,Cooper,jaimecraig@example.com,2020-01-13
337,Donald,Diaz,egraham@example.org,2017-03-31
338,Lisa,Davies,rodriguezlisa@example.net,2024-09-19
339,Dawn,Jordan,ofreeman@example.com,2022-06-26
340,Amanda,Riley,karendavis@example.net,2020-05-07
341,Jennifer,Jackson,cburns@example.com,2017-09-18
342,Edward,Johnson,browntracy@example.org,2020-01-22
343,Jennifer,Williams,hcalhoun@example.com,2024-07-13
344,Brandon,Brown,meyersjacob@example.net,2017-12-31
345,Jillian,Owens,reesejack@example.org,2017-03-11
346,Michelle,Kidd,hughesmichael@example.org,2024-10-26
347,Victoria,Williams,melanie25@example.net,2017-04-14
348,Kendra,Garcia,williamsdeanna@example.com,2021-06-08
349,Kenneth,Grant,bbond@example.net,2019-11-01
350,Joseph,Kennedy,dcastillo@example.net,2018-10-22
351,Sheila,Myers,msoto@example.org,2023-01-13
352,Maria,Garcia,steven06@example.org,2022-09-21
353,Chad,Tanner,loriwhite@example.net,2017-09-17
354,Marie,Robinson,david75@example.net,2022-09-20
355,Andrew,Sims,selena66@example.com,2024-11-08
356,Tonya,Gould,lisawaller@example.net,2022-12-29
357,Sophia,Adams,brennanwilliam@example.com,2022-09-22
358,Jennifer,Knight,kevinholmes@example.net,2017-11-23
359,Christian,Gonzalez,steven71@example.com,2020-01-12
360,Jordan,Mcbride,natashaharmon@example.net,2019-02-17
361,Daniel,Ward,lroberts@example.org,2017-11-22
362,Megan,Thompson,savagekenneth@example.com,2018-03-15
363,Jeanette,Smith,jeremy43@example.org,2017-01-10
364,David,Schmidt,rodriguezkelly@example.net,2020-04-03
365,Charles,Hunter,xholden@example.net,2015-12-14
366,Megan,Macdonald,zrobles@example.org,2024-02-01
367,Katelyn,Davis,veronicanelson@example.com,2017-05-16
368,Russell,Watkins,veronicaphillips@example.org,2019-06-13
369,James,Smith,kathrynmurillo@example.com,2021-10-24
370,Russell,Lopez,imiller@example.net,2019-09-11
371,Jessica,Lozano,robert33@example.com,2016-04-01
372,William,Smith,djames@example.org,2021-02-19
373,Jason,Hammond,jwilson@example.net,2016-08-03
374,Donna,Jackson,katherinewolfe@example.org,2016-07-12
375,Tanner,Mcpherson,rachelpineda@example.org,2019-01-28
376,Daniel,Castillo,melaniewhite@example.net,2020-10-03
377,Maria,Villarreal,dsalas@example.net,2022-07-03
378,Jo,Drake,rebeccacardenas@example.com,2016-03-12
379,Rodney,Meyer,soliselizabeth@example.net,2024-07-09
380,Ernest,Evans,carolyn37@example.com,2023-12-19
381,Nicholas,Fitzgerald,njones@example.net,2022-02-12
382,Christine,Doyle,markcruz@example.com,2021-12-05
383,Lisa,Smith,carolosborn@example.net,2016-11-14
384,Matthew,Moore,coxchloe@example.net,2020-09-09
385,Paige,Price,christopherdunn@example.com,2018-11-13
386,Jonathan,Lewis,montgomerysharon@example.com,2016-08-14
387,Carolyn,Duncan,acortez@example.com,2022-09-02
388,Michael,Cox,martinezmichael@example.org,2018-01-18
389,Gregory,Jennings,denise32@example.net,2022-10-16
390,Stephen,Chambers,scottharris@example.net,2016-02-20
391,Amanda,Vang,stevenpitts@example.net,2018-05-01
392,Samantha,Grant,nmyers@example.com,2020-02-15
393,Kimberly,Woods,santosautumn@example.net,2019-06-09
394,Victoria,Ramirez,christinatorres@example.com,2020-03-17
395,Olivia,Ball,john38@example.com,2024-06-17
396,Lisa,Barker,johnsonlaura@example.net,2024-10-03
397,Patricia,Patel,hallbrandon@example.com,2017-01-24
398,Samantha,Young,fischerandrew@example.net,2022-10-23
399,Justin,Walker,ymcdaniel@example.com,2018-06-14
400,Katherine,French,zromero@example.com,2022-11-21
401,Anna,Higgins,grandolph@example.com,2020-01-30
402,Glenn,Hartman,joshua78@example.org,2017-06-11
403,Lori,Glass,williamswilliam@example.com,2019-03-29
404,Janet,Newman,coreythomas@example.net,2024-10-08
405,Charlotte,Alexander,amoore@example.org,2021-12-04
406,Destiny,Chapman,houstonallen@example.net,2024-03-25
407,Barry,Bush,stephen46@example.org,2017-07-20
408,Robert,Jones,jesuscruz@example.com,2022-10-04
409,Samuel,Roberts,robert72@example.net,2023-04-12
410,Kevin,Taylor,matthewhernandez@example.com,2023-08-29
411,Tyler,Rodgers,pwang@example.org,2019-07-09
412,Helen,Henderson,usmith@example.com,2023-09-15
413,Lisa,Kramer,anthonyreeves@example.org,2021-01-20
414,Kevin,Wright,jean95@example.com,2017-08-29
415,Cynthia,Koch,jonathon64@example.com,2024-07-22
416,Tony,Kennedy,wilsonmathew@example.org,2017-07-07
417,Elizabeth,Mercado,zsanders@example.net,2017-04-09
418,Cindy,Turner,trose@example.org,2016-05-13
419,Clinton,Hernandez,glenn45@example.net,2020-03-02
420,Jeff,Anderson,rsimpson@example.net,2024-08-23
421,Cindy,Thompson,michaelrobinson@example.com,2017-11-12
422,Stephanie,Higgins,alexisrobinson@example.net,2016-07-16
423,Beth,Gray,smithmark@example.org,2020-06-18
424,Natalie,Chang,michael23@example.net,2018-06-20
425,Lee,Hodge,millerchristopher@example.com,2019-05-13
426,Nicole,Cohen,watsonjoseph@example.net,2023-11-11
427,Paul,Ortiz,brandon88@example.net,2020-03-04
428,Autumn,Holloway,nramos@example.net,2023-10-29
429,Amanda,Stone,harrisann@example.com,2023-08-28
430,Katherine,Baker,daughertyangela@example.com,2020-03-06
431,Michele,Blair,delgadomichelle@example.org,2021-01-17
432,Brooke,Johnson,john73@example.com,2016-10-11
433,Herbert,Jackson,debbie77@example.com,2018-11-30
434,Robert,Gardner,onelson@example.org,2023-05-02
435,Daniel,Young,vwoods@example.net,2024-10-13
436,Michelle,Nelson,david30@example.net,2023-11-18
437,Anthony,Nichols,jasmine89@example.org,2016-01-21
438,Danny,Turner,tylergloria@example.org,2023-11-02
439,Robert,Chapman,lindacollins@example.org,2016-07-18
440,Dustin,Richard,tgarcia@example.net,2024-08-29
441,Omar,Harrington,williamknapp@example.com,2018-02-15
442,Larry,Hardy,arthur12@example.org,2021-06-30
443,Victor,Mcintyre,wadekaitlyn@example.com,2020-10-02
444,Sandra,Martin,ariana91@example.org,2020-03-30
445,Nathaniel,Shelton,kenneth30@example.com,2022-05-01
446,Elizabeth,Castaneda,jacob12@example.net,2020-10-04
447,William,Russo,rsmith@example.com,2021-01-10
448,Francis,Moore,rebecca16@example.org,2023-02-07
449,Stephanie,Bradshaw,michaelgreen@example.com,2017-07-19
450,Alicia,Clark,taylor28@example.com,2019-08-22
451,Brandon,Cardenas,smithjohn@example.com,2020-05-24
452,Mark,Glass,thomasmosley@example.com,2023-11-23
453,Katie,Smith,robinsalazar@example.org,2022-08-15
454,Todd,Chaney,adavis@example.com,2019-12-25
455,Christina,Woods,michaelrojas@example.net,2024-08-27
456,James,Burns,hwhite@example.com,2016-12-13
457,Rebecca,Delacruz,rjenkins@example.com,2022-08-02
458,Alison,Mcconnell,david14@example.com,2021-03-10
459,Robert,Scott,parsonstheresa@example.net,2024-04-10
460,Nathaniel,Rios,shannon57@example.com,2016-06-30
461,Tony,Massey,brandon57@example.com,2018-02-13
462,Krista,Petersen,xgutierrez@example.com,2016-06-19
463,Sarah,Stanley,robertstephens@example.org,2024-02-05
464,Kenneth,Cunningham,ashaw@example.org,2023-01-10
465,Joel,Conley,jonesmarcus@example.com,2023-09-09
466,Craig,Mathews,christianlewis@example.net,2019-11-26
467,Kathryn,White,elainecastillo@example.com,2022-11-19
468,Corey,Chavez,gordonsteven@example.net,2023-07-28
469,Joshua,Smith,mgalvan@example.com,2016-11-20
470,Nancy,Kelly,jenniferwashington@example.com,2016-01-18
471,Craig,Burgess,ihernandez@example.net,2021-01-25
472,Stephanie,Bryan,andrewayala@example.net,2022-11-08
473,Kevin,Lewis,carlos78@example.net,2023-05-05
474,Chad,Lopez,kdavis@example.org,2020-07-29
475,Stacey,Woods,morrowzachary@example.net,2018-08-20
476,Alexander,Bridges,diazchristopher@example.org,2019-12-17
477,Michael,Ross,qbarker@example.com,2017-10-04
478,David,Johnson,brettadams@example.org,2020-08-31
479,Lee,Scott,jennifer19@example.com,2018-04-28
480,Kristen,Wilson,zfloyd@example.net,2023-08-04
481,Sherri,Logan,aliciajames@example.net,2023-03-10
482,Jimmy,Wolfe,brenda53@example.com,2016-05-29
483,Holly,Collins,qsalazar@example.com,2017-04-09
484,Michael,White,myersdenise@example.org,2022-06-11
485,Michael,Beard,rolson@example.com,2024-10-19
486,Kendra,Thomas,tammymcgee@example.org,2017-07-09
487,Miguel,Barnett,uray@example.org,2020-06-25
488,Tracy,West,dunnmarcus@example.org,2016-11-18
489,Andrea,Howell,trice@example.net,2019-02-06
490,Daniel,Benson,johnhudson@example.net,2021-01-22
491,Antonio,Marsh,xsanchez@example.org,2023-12-28
492,Sandra,Love,andreadouglas@example.org,2018-01-17
493,Justin,Park,fuentespamela@example.org,2022-03-25
494,Jennifer,Ryan,hperry@example.org,2022-04-16
495,Danielle,Chen,hansenconnie@example.org,2020-11-15
496,Jennifer,Jenkins,jestrada@example.org,2023-05-21
497,Kimberly,Rich,johnsonpaul@example.net,2018-01-20
498,Justin,Gray,stephaniereid@example.org,2019-11-27
499,Sierra,Spears,russellkelly@example.org,2017-01-02
500,Alex,Richards,hjackson@example.org,2016-01-27
